{
  "method": "zscore",
  "is_fitted": true,
  "mean": [
    47.10416030883789,
    416.7606201171875,
    485058.1875,
    3065403.25,
    47.104103088378906,
    47.249122619628906,
    46.94966506958008,
    187.16831970214844,
    416.75750732421875,
    417.2257080078125,
    416.26287841796875,
    14.992539405822754,
    18.373212814331055,
    5.904472345719114e-05,
    2.184254117310047e-05
  ],
  "std": [
    16.371305465698242,
    66.2088623046875,
    857578.0,
    4638409.0,
    16.371129989624023,
    16.38739585876465,
    16.352020263671875,
    112.5406723022461,
    66.20895385742188,
    66.14102172851562,
    66.27752685546875,
    9.199058532714844,
    9.492527961730957,
    0.00802183523774147,
    0.0026629643980413675
  ],
  "min": null,
  "max": null,
  "median": null,
  "iqr": null
}