{
  "method": "zscore",
  "is_fitted": true,
  "mean": [
    220.83029975891114,
    223.55749992370605,
    218.50344970703125,
    221.16689987182616,
    54876516.5,
    -0.6860083033001182,
    -1.5558820904392434
  ],
  "std": [
    17.675840486111223,
    17.218438947428428,
    17.92910956344709,
    17.740827335921843,
    23548977.73818383,
    1.8669715789742396,
    3.0913008304232177
  ],
  "min": null,
  "max": null,
  "median": null,
  "iqr": null
}