{
  "method": "zscore",
  "is_fitted": true,
  "mean": [
    221.16690063476562,
    220.67440795898438,
    0.06624549627304077,
    54876520.0,
    -0.21412357687950134,
    0.07666660100221634,
    220.83029174804688,
    223.5574951171875,
    218.50343322753906,
    0.4892018139362335,
    -0.1870809942483902,
    -0.2033965289592743,
    -0.15029850602149963,
    -0.24388715624809265,
    -0.24089321494102478,
    -0.07645799964666367,
    -0.1559007465839386,
    0.03195595368742943,
    -0.0074641467072069645
  ],
  "std": [
    17.740827560424805,
    17.57428741455078,
    1.3416050672531128,
    23548978.0,
    1.8593248128890991,
    1.1883625984191895,
    17.675840377807617,
    17.21843910217285,
    17.929109573364258,
    1.82548987865448,
    0.7949963808059692,
    0.4913291037082672,
    0.5016885995864868,
    0.6430565118789673,
    0.5715820789337158,
    1.0438252687454224,
    0.6244950294494629,
    0.7731288075447083,
    1.0077265501022339
  ],
  "min": null,
  "max": null,
  "median": null,
  "iqr": null
}